Barkodi,Emri i Produktit
ABS-24,Valixhe Udh‰timi
8028257000415,UNGHERESE SALLAM 250GR
8411712761622,Prometeo white tas 14cm
8411712218553,Toledo piatto ovale 30 cm
8411712763107,Pjate parma 24 x 34 cm
5300000000167,Stela birre kanace 500 ml
8714800011426,Birre bavaria pa alkool 500 ml
8718951248229,Colgate max extra sensitive 75 ml
8718951099807,Colgate max white &amp; protect 75 ml
8718951250017,Colgate max white charcoal 75 ml
8714789531915,Colgate max white one 75 ml
carcafv,Set carcafesh tek per vajza
carcafdd,"Set carcafesh dopio (kellef jasteku, kellef dysheku, carcaf)"
748079829619,Forme keku mesatare
5201028355508,Cornetto king cone 145gr
8690637852053,Nogger sandwich 87 gr
8690637812736,Magnum double caramel 82 gr
8690637818370,Cornetto disc 93 gr
PISHINE,Pishina 120 x 90 x 40 cm
8693357065444,Enoteca gota 2 cope
8693357161269,Gota 6 cope
8693357204874,Gota vere 6 cope Allegra
SHPLAZHI,Shapka me gisht plazhi per vajza
SHAH,Shah i madh 3 in 1
TOPLL,Top llastiku
8003059156003,Frizet element akulli 350 gr
8003059151008,Frizet element akulli 500 gr
8003059157000,Frizet akulli 2 cope nga 200 gr
6970292218800,Pishine 120 x 90 x 40 cm
6956325632560,Krahe plazhi
4806511570447,Komardare per beba
8693357150133,Pjat‰ sh‰rbimi 33 cm
8693357065994,Pjate sherbimi 25 cm
8693357153950,Pjate sherbimi 29 cm
8693357405967,Gota 6 cope
8693357052697,6 tasa 12.5 cm
8693357419032,Tas 25 cm
PUJI,Pistolete me uje
SYZEUJI,Syze uji
8003080004120,Leter bixhozi Modiano
6956846856056,Komardare unicorn 165 x 75 x 100 cm
6941057407418,Komardare peshk per beba
FLAMINGO,Flamingo komardare 90 cm
MUNIKORN,Komardare e madhe unicorn 85 cm
5618912227665,Komardare peshk
6941057457031,Dyshek plazhi
6924114215201,Komardare per femije
6924114215539,Komardare me timon
3506770140238,Vaj plazhi nxires ultra rreze 125 ml
5201314124320,Vaj p‰r kujdesin nga dielli me spf30 150 ml
5201314124290,Vaj p‰r kujdesin nga dielli me spf20 150 ml
5201314109877,Shkum‰ pas diellit 200 ml
5201314109174,Spraj man I paduksh‰m p‰r kujdesin nga dielli me spf30 200 ml
5201314108788,Vaj p‰r nxirje intensive 125 ml
5201314103264,Carroten after sun 200ml
5201314086079,Qum‰sht spraj p‰r kujdesin nga dielli me spf50 200 ml
5201314086055,Qum‰sht p‰r kujdesin nga dielli me spf30 200 ml
8693357331976,Got‰ akullore 2 cop‰ÿ
8693357277274,Got‰ akullore 2 cop‰ÿ
8693357277250,Got‰ akullore 2 cop‰ÿ
5010993324613,Loder Play-Doh Disney Princess
8693357148833,Kane uji 4 l
8693357270688,Mbajtese karamelesh
8693357192669,Tave qelqi 2 cope
8693357146303,Tave qelqi 34 x 19 cm
8693357192409,Tenxhere qelqi me kapak
8693357192386,Tave qelqi me kapak
8693357328051,Gota uji 6 cope
8693357192904,Tave qelqi 2 cope
KELLEFTEK,Kellef dysheku &amp;jasteku tek
6986579100706,Lexical hekur rrobash 2200 w
8007403078096,Imetec grires 450w
8007403077068,Imetec grires 500w
3045386376711,"Fritez tefal 1,2 l"
LULEMEDIUM,Spathiphyllium medium lule
LULECRASULA,Lule Crasula
8712919000225,Llak per lule
4009737030058,Ushqyes per lule
8679988009439,Vazo qeramike
8679988009279,Vazo 14*400
4002477278728,Vazo 920/16 mix
4002477278711,Vazo sceurich
8679988009156,Vazo qeramike 3 cope
8679988009590,Vazo qeramike 3 cope
5310311003672,Xhezve Elektrike Max
5310311003689,Grir‰se Max KL-210
8007403071950,Imetec mulli i vogel per kafe
8007403073046,Imetec grires 350w
6986579140207,Ibrik elektrik 2200w
4008146386107,Preres universal Iskra
8007403072612,Imetec grires 500w
3830042565215,Grir‰se perimesh Iskra 300 w
6971184581286,"Grirese ushqimi Sonifer ( mishi, perime etj) 1.8 l"
4006387080839,Brita filter uji 3.5 l
4006387075064,Brita universal filter
4008146080203,Mashe flokesh severin me ajer te nxehte 400w
6986579520207,Set tharese flokesh dhe modelimi  6 in 1 1000w
8007403111441,Bellissima piaster
6986579500605,Lexical tharese flokesh 2000w
5301000288616,Diva zbardhues blu 2.5 l
9001378500667,Kove ovale 15 litra
5304000204556,Shtupe optimal
8679988034875,Lopate plehrash me bisht + fshes
8679988034592,Fshese pa bisht tebi
8679988015195,Bisht fshese 130 cm
9001378700098,Sfungjer enesh 3/1
8690536922833,Bingo floral 500 gr
RC400,Recipeta
6954919033038,Recipeta
6954919075236,Recipeta gigotto
RC270,Recipeta 38|85
6939354420100,Recipeta 40 90 b
8411712764647,Bormioli pjate 22 x 16 cm
8411712766047,Bormioli pjate 22 x 14 cm
8411712238124,Bormioli pjate 20 cm
8411712766085,Pjate per embelsire 21 cm
8411712218805,Bormioli tas sallate 23 cm
8411712558802,Bormioli tas insalatiera 25 cm 9.5&#8243;
8411712248802,"Bormioli tas sallate 24 cm, 9&#8243;"
8411712238797,"Bormioli tas 23 cm, 9&#8243;"
8411712766061,Pjate Bormioli 1 cope
8411712757083,Bormioli tas 6&#8243; 15.3 cm
8411712558826,Bormioli tas 5.5? 14 cm
8411712238865,Bormioli tas 5.5&#8243; 14 cm
8411712238827,"Bormioli tas 5&#8243;, 12,5 cm"
8679988014273,Tas rrethor 10&#8243;
8679988032147,Pjate katrore per mish 9.5&#8243;
8679988014990,Pjate rrethore 8&#8243;
8679988032048,Tas rrethor 8&#8243;
8679988014952,Tas rrethor 5&#8242;
8679988031942,Tas rrethor 9&#8243;
8679988014891,Tas rrethor 8&#8243;
8679988014396,Tas katror 8&#8243;
8679988032062,Tas rrethor 7&#8243;
8679988031928,Tas katror 6&#8243;
8697853092539,Tas sapphire 200cc
8680534832135,Mbajtese erezash 550cc
8697853094465,Mbajtese ushqimi sapphire 4 lt
8697853094243,Kane me gota
8697853093673,Mbajtese lugesh Karina
8697853093284,Mbajtese lugesh l33
8697480580706,Tuffex mbajtese pjatash
8606006860741,Mbajtese kafeje 4 cope
8606009600764,Kuti cerealesh 1.2 lt
6926353088325,Mbajtese lugesh plastike
8606006860505,Tas me vija 24 cm
8697853093659,Shtrydhese sallate 4.5 lt
8697853094410,Tas sapphire 4 lt
8606009600788,Kuti cerealesh 2.4 lt
8606009600818,Mbajtese torte / ushqimesh pikniku 10 kg
8606009600474,Hit box 10 lt
8697853091495,Mbajtese ushqimi Luna me dy ndarje
8697853093932,Mbajtese ushqimi 3 vende me kapak
8697853093758,Mbajtese ushqimi smart
8679988017533,Ene plastike  me fileto 3 cope
8697853093406,Mbajtese ushqimi Bellisima katrore 1.5 lt
8697853095240,Mbajtese ushqimi Color 2300 ml katrore
8697853095431,Mbajtese ushqimi katrore 3750 ml
8697853095509,Mbajtese ushqimi drejtkendore 2800 ml
8697853095103,Mbajtese ushqimi katrore 2400 ml
8697853095172,Mbajtese ushqimi 2300 ml
8697853095097,Tas gomine 1.5 lt
8697853095165,Mbajtese ushqimi 1400 ml
8697853095011,Mbajtese ushqimi 800 ml
8697853095141,Mbajtese ushqimi 400 ml
8697853095073,Tas gomine 500 ml
8697853095004,Mbajtese ushqimi 400 ml
8697853099088,Mbajtese ushqimi me dy ndarje Bager
8691014150007,Piknik mini tas plastik
8606005431812,Frigo kuti 0.5 lt
5202410060512,Wasabi paste per sushi 43 gr
5205257011556,Provil worcestershire sauce 740 ml
8858701403574,Tinsels sweet chili sauce 700 ml
8858701403659,Teriyaki sauce 700 ml
8715035130104,Kikkoman soy sauce less salt 150 ml
5202410073680,Sushi ginger gari 1.5 kg
8850310000137,Tempura miell per sushi 150 gr
5301000215520,Oriz per sushi 500 gr
8001655010972,Pasini oriz per sushi 500 gr
5949058700485,Yalco set tenxheresh 7 cope
8697414827402,Set tenxheresh Anett 9 cope
8680465023893,Hascevher astoria tenxhere 5 lt
5999056782914,Berlinger Haus tigan me kapak 24 cm
8679988033410,Tigan zgare artmartin 26*26 cm + doreza Amercook
8679988033373,Tigan Artmartin 26 cm + doreza Amercook
8595028490664,Tescoma tigan i thelle jongjites 16cm
8595028490565,Tescoma tigan jongjites 26 cm
267383,Tigan Dupree 3 cope 18/20/24 cm
8015506037827,Tigan silk&amp;induction 16 cm
8015506037735,Tigan granit 28 cm
8015506037728,Tigan granit 26 cm
8679988033533,Tigan amercook 28 cm
5999056762909,"Berlinger haus, granit diamond tigan 28 cm"
5999056782945,Berlinger haus tigan grill 28 cm+ mbrojtesen
5999056781771,"Berlinger haus tigan 2 cope 22, 26 cm"
5999056781764,"Tigan i thelle me kapak, Berlinger haus 24 cm"
6924691392227,Jlo Tigan me kapak 22 cm
5999056764613,Berlinger Haus tigan 28 cm
8680465060621,Tigan graniti Hascevher Stoneco 24&#215;4.5 cm
8680465056174,Tigan graniti  Hascevher Stoneco 18 cm
8680465009149,Hascevher Germanitium tigan 24 cm
8679988033557,Tigan I thelle amercook 26cm
8692952078736,Tas i vogel 6 cope
8692952072703,Gote lav 6 cope
8692952065118,Aras gota uji 6 cope
8692952095177,Lav gota uji 6 cope
8593410913562,Colibri gota shampanje 6 cope
8593410998682,Colibri beer 380 ml 6 cope
8593410999580,Anse gote vere e bardhe 6 cope
8008429239409,La suissa cuore rosa 150 gr
6015861539303,Prerese veze metalike 2 cope
8606106703504,Spatula
8679988020045,Pirun embelsire italian rostfrei
8679988031263,Pirun i madh Gioninox 3 cope
8679988030822,Set thikash
8679988016437,Shtrydhese perimesh per pure
6951873372234,Thike granit
8679988028485,Cekic shine
8679988019629,Hapese vere
8076800376999,Barilla lasagne me veze 500 gr
8679988020823,Rende slim
8679988013757,Kullese me bisht
8679988008753,Rrahese vezesh 14&#8221;
6935107626560,Forma keku metalike
2000000186047,Forma keku
8697853092249,Forme keku capsule
8697853093857,Forme amarete  rrethore e madhe BG
8697436929962,New city forma keku mini
8697853093529,Forme amareti 6 cope
8697853093536,Forme keku Elipse BG 53 cope
6194008640017,Palma hurma tunizie 200 gr
5304000141165,Suxhuk vakum kazazi me kg
5304000141202,Kazazi salcice 350 gr
5304000141219,Kazazi sallam popullor 350 gr
5304000141387,Kazazi kremvice e tymosur 380 gr
5304000141318,Kazazi parizier vici 395 gr
10243,Parizier pule arani me kg
8679988030327,Luge gjelle gioninox
8679988006148,Kapese sallate
8679988013733,Spatul metalike
8679988020786,Hapese konserve
8679988019841,Lug caji 6 cope
8697436923335,New city pastruese perimesh
8002460038861,Element kuzhine silikoni 2 cope
5999108402876,Tostier
5999108409615,Coffee maker Berlinger Haus 2 cups
8679988030723,Coffee maker Berlinger Haus 6 cups
5999108405143,Ibrik Berlinger Haus 3 l
5999056785847,Tigan per pancake Berlinger Haus 25 cm
8679988033335,Tigan zgare grill 28 cm
5999056766471,Tigan Metallic Line Burgundy 24 cm
8679988030082,Tigan non stick 24 cm
8680465079395,Tenxhere Hascevher 26*13 cm
8679988016079,Tave pjekje bakri me korent
8679988033571,Tenxhere salce amercook 18 cm
8697004822077,Tenxhere presioni 0.9 lt
8680465009408,Tenxhere me kapak xhami Hascevher Germanitium 28&#215;12 cm
8679988033595,Tenxhere amercook 24 cm
5470112110570,Kaisa hoff set tenxheresh 7 cope
8697414822841,"Tenxhere presioni Hascevher Anett 7,0 lt"
8680465011326,Tenxhere Hascevher Anett 20&#215;10 cm
2000000183244,Mbajtese tenxheresh silikon
8015506037773,Tenxhere Granit
8680465060829,Tenxhere me presion karina 5 l
8680465007206,Tenxhere Hascevher Anett 22&#215;12  cm
8697004822046,Tenxhere presioni 7 lt
6955595066655,Life vouge gota 12 cope
8692952043987,Gota me fron nevakar
8692952005695,Gota me fron nevakar 6 cope
8692952043505,Gota me fron misket
8692952073984,Set gota wiski 6 cope
8679988025064,Gota rakije 6 cope
6220790066718,Set gota rakije 6 cope
1070980411454,Gota uji set
1070980412314,Set gotash 6 cope
6955728121466,Bormio set gotash 6 cope
8692952065415,Set gota uji 6 cope
8679988018851,Garbo gota uji te thjeshta 6 cope
8076809542005,Barilla biscotti primizie 700 gr
8076809571999,Barilla nascondini 600 gr
8076809573757,Barilla cioccograno 330gr
8076809572972,Mulino bianco spicchi di sole gr.400
8076809573252,Mulino Bianco baiocchi nocc/cacao gr.260
8076809572828,Mulino bianco 350gr
8076809572873,Mulino bianco galletti 350gr
8076809574082,Mulino bianco abbracci 350gr
8076809569484,Barilla nascondini 330gr
PNGJYRA999,Peshqir me ngjyra 100*150
PTRUPI799,Peshqir trupi me ngjyra 70*140
5304000177713,Ama nespresso intenso 10 capsule
5304000177744,Ama nespresso deccafeinato 10 capsule
5304000177720,Ama nespresso soprano 10 capsule
5304000177256,Ama cacao 10 capsule
5304000177317,Ama decaff 10 capsule
5304000177294,Ama premium 10 capsule
5304000177300,Ama intenso 10 capsule
PTRUPI670,Peshqir trupi me ngjyra 70*140
PTRUPI619,Peshqir trupi I bardhe 70*140
PTRUPI449,Peshqir trupi me ngjyra 70*140
PDUARSH399,Peshqir duarsh 50*90
8012672000709,Ellebiuno fruttarelli assortiti 400 ml
8012672003601,Ellebiuno multifrutti akullore x10
8006476015014,Sandwich akullore
8006476010002,Super magic bianco akullore 120 gr
8005840003053,Biscotto 5 stelle akullore
8006476000034,Pinguin akullore
8006476005077,Mini cone akullore
8006476005060,Mini cono pan akullore
PDUARSH319,Peshqir duarsh i bardhe 50*90
PKEMBESH279,Peshqir I bardhe per kembe
PNGJYRA149,Peshqir me ngjyra 30*50
PKUZHINE75,Peshqir kuzhine 30*50
5306000016443,Emagel merluce 1 kg
5306000016412,Emagel antipastiere 500 gr
8011386821068,Mage minestrone 1 kg
5304000219581,Emagel karkaleca 450 gr
8011386824069,Mage minestrone 450 gr
5306000016498,Emagel kotolete me proshute 1 kg
5304000219727,Pita greke 10 cope
8011386824342,Bizele mage 450 gr
3900864530392,Koral pomfrite 1000 gr
5306000016481,Kotolete pule Emagel 1 kg
3599741001263,Bizele findus 400 gr
5304000021245,Peta per byrek 450 gr
5304000077587,Arani qofte 10 cope 300 gr
5304000077495,Arani mish i grire 200 gr
5300000120292,Tona kernacke korce 500 gr
7613036867436,Nescafe dolce gusto
7613033112942,Nescafe dolce gusto buondi 16 cope
8000070086029,Lavazza capsule intenso 16 cope
8000070086005,Lavazza capsule passionale 16 cope
8000070088436,Lavazza capsule rossa 16 cope
8000070086036,Lavazza capsule dek cremoso 16 cope
8000070086012,Lavazza capsule delizioso 16 cope
8000070003545,Lavazza capsule oro 12 cope
5201347169404,Veet per kembet jeshil
5201347169428,Veet krem me fara rrushi
8002990840125,Veet depilues fytyre me qiri 20 cope
8002340009363,Sterp strisce 12 cope
8002340009301,Sterp Crema depil doppiouso 200ml
8002340013391,Sterp Sugaring Strisce Viso 20+4pz
8002340011809,Sterp argan body crema 100 ml
8680164446955,Ostwint depilator spray 150 ml
53656221726,Dyll depelimi me kokrriza
8681065801225,Dyll depelimi
3086123194052,Bic twin lady 8+4
3086123262270,Bic miss soleil b3
3086123399471,Bic miss soleil cc
8002680502050,Dietor Embelsues kuti  200 g
8013399153167,Dietor embelsues 40 bustina
8002680511250,Dietor 120 kokrra 6 g
8032605211408,Italia zuccheri bio grezzo 500 gr
8000121917067,Sheqer bio 500 gr
8009004908901,Alce Nero qumesht soje 500 ml
8004030830233,Rio mare insalatissime bio
8009113020501,Desantis vaj ulliri ekstra i virgjer biologico 750 ml
8076809574150,Barilla bio basilico 200 gr
8005650668053,Bio cous cous di 4 cereali
8006280520018,Bio select qiqra 400 gr
8006280500027,Bio select thjerreza te kuqe 400 gr
8076809570626,Barilla bio penne rigate 500 gr
8076809575140,Barilla fusilli di lenticchie rosse 250 gr
8076809575133,Barilla penne di lenticchie rosse 250 gr
8032804431317,Biori penne tortiglioni 250 gr
8032804431300,Biori penne rigate 250 gr
8009004809628,Alce Nero rigatoni 500 gr
8000139910845,Garofalo penne integrale 500 gr
8000139910623,Garofalo spaghetti integrale 500 gr
8007290000170,Granoro integrale farfalle 500 gr
8008912525033,Liguori spaghetti integrale 500 gr
8008912525422,Liguori penne integrale 500 gr
8008912525316,Liguori fusili integrale 500 gr
8017596069443,Dolciando bianco
5901588017945,Wedel luleshtrydhe dark 100 gr
5901588016320,Wedel coko boronice dhe luleshtrydhe 100 gr
5901588016443,Wedel coko luleshtrydhe 100 gr
5901588016436,Wedel toffe 100 gr
5901588016498,Wedel manaferr 100 gr
4014400400007,Toffie 125 gr
7614500010617,Tableron dark 100 gr
4014400901405,Mersi cokollate blu 250 gr
4014400901412,Merci cokollate e zeze
4014400901191,Merci 250 gr
7614500010013,Toblerone 100 gr
8000500003787,Ferrero rocher 200 gr
8000500264850,Nutella be ready 44 gr
8013355998702,Gocciole extra dark 400 gr
8410376040425,Gullon cereale frutta di fibra 300 gr
8076809540124,Gran cereale 250 gr
8013355999488,Ringo kakao 150 gr
8013355999501,Ringo vaniglia 150 gr
5304000223243,Mare choco cream strawberry 140 gr
5304000223250,Mare choco cream portokall 140 gr
5304000223038,Mare choco cream vanilje 140 gr
8001585001040,Balconi max 350 gr
8001585001088,Balconi choco orange 350 gr
8001585001354,Balconi mix max 350 gr
8001585001071,Balconi mix milk 350 gr
8005380030014,Boundolce 10 cope 250 gr
8005380030038,Boundolce strawberry &amp; yogurt 10 cope 250 gr
5201261003082,Amstel 330 ml
5201261003020,Amstel 500 ml
8600101639301,Pardon cibuk 40 gr
8690526010106,Cibuk me speca Eti 40 gr
8690526010120,Cibuk me djathe Eti 40 gr
8690526074528,Cibuk me susam Eti 40 gr
8690526010113,Cibuk me ereza eti 40 gr
5201024964186,Lays wavy barbecue 95 gr
5201024963080,Lays ketchup 95 gr
5201024972174,Lays barbecue 95 gr
5201024972136,Lays cheese 95 gr
5201024970156,Lays rigon 95 gr
5201024972150,Lays tzatziki 95 gr
5201024971214,Lays salt 95 gr
7622300379391,Patos rolls 42 gr
59945376,Nescafe 3IN1 strong 17 gr
7613035853669,Nescafe Azera Espresso 100 gr
5201219046109,Nescafe classic pluhur 100 gr
5201219046055,Nescafe classic pluhur 50 gr
5301000288821,Diva dezifektant 750 ml
5301000288609,Diva lares pllakash 1 l
3858890178241,Maggi supe zogu 50 gr
8585002419538,Maggi koncentrat vici 120 gr
8585002419477,Maggi koncentrat pule 80 gr
7616100469147,Maggi koncentrat vici 60 gr
7616100474141,Maggi pule 60 gr
8015100571833,Dixan classico 100 larje 6 kg
8015100571826,Dixan 85 larje 5.1 kg
8015100571772,Dixan 50 larje 3 kg
8015100571208,Dixan liquid color 27 larje
8015100571130,Dixan liquid classic 27 larje
8015100571505,"Dixan liquid color 19 larje, 950 ml"
8015100571482,"Dixan liquid classic 19 larje, 950 ml"
9000101328189,Perwoll color 3.6 l
9000101328141,Perwoll black 3.6 l
9000101327380,Perwoll color magic 1.8 l
9000101327014,Perwoll black magic 1.8 l
9000101327786,Perwoll balsam magic 1.8 l
9000101326482,Perwoll gold care&amp;repair 900 ml
9000101326765,Perwoll color magic 900 ml
9000101326604,Perwoll black 900 ml
9000101327465,Perwoll balsam magic 900 ml
5301000288722,GEL DISINFETTANTE MANI 500ML
5301000288579,GEL DISINFETTANTE MANI 150 ML
5301000288586,GEL DISINFETTANTE MANI 100ML
8002015000442,Meglio Sgrassatore Marsiglia 750 ml
8002015003467,Meglio Sgrasatore per tutti 750ml
8002015008325,Meglio  Sgrasatore Orange 750ml
8002015003016,Meglio Sgrassatore Lavanda 750ml
8008970046082,Wash&amp;Go shampo Dry Aloe 200ml
8008970044255,Wash&amp;Go maschera repair 300 ml
8008970045184,Wash&amp;Go herbal 750 ml
8008970042299,Wash&amp;Go shampo Aloe Vera 750 ml
8008970042251,Wash&amp;Go shampo per meshkuj 400 ml
8008970042237,Wash&amp;Go shampo normal 400 ml
8008970042152,Wash&amp;Go shampo Aloe 400ml
9000100854795,Syoss balsam keratin 500 ml
9000101057652,Syoss balsam plex 500 ml
9000100526326,Syoss balsam color contidioner 500 ml
9000101229110,Syoss balsam pure smooth 500 ml
9000101206760,Syoss balsam 500 ml
5201143149259,Syoss color protect 750 ml
8690536825165,MOLPET DOPIO ULTRA
8690536843244,MOLPED PURE&amp;SOFT NORMAL 8*24
5201263006395,EVERYDAY MAXI NIGHT 24COPE
5201263006197,EVERYDAY SENSITVE FRESH DITORE 10COPE
5201263006012,EVERYDAY FRESH DITORE 10COPE
5201263010903,EVERYDAY EXTRA DRY NORMAL DITORE 20COPE
4015400006770,ALWAYS DUO NORMAL 10X20 VP
4015400612469,ALWAYS DUO NIGHT
5997253515991,ALWAYS NORMAL 16X10 SP
8001090445032,ALWAYS NIGHT 6SP PLAT
7702018956661,GILLETE BLUE MAXB4
7702018866984,GILLETE FUSION REZERVE 4COPE
7702018085514,GILLETE FUSION PROGLIDE X4
7702018076161,GILLETTE BLUE 3 6COPE
7702018076130,GILLETTE BLUE3 3COPE
3014260287030,GILLETTE 2  5COPE
3014260283254,GILLETTE BLUE SENS 5COPE
3014260227081,GILLETTE SERIES  PROTECTION 250ML
3014260228774,GILLETTE  SENSITIVE SKIN FOAM  200ML
3014260228743,GILLETTE NORMAL CILTLER FOAM 200ML
3838824258553,TAFT GEL V12 POWER 150ML
9000101206081,TAFT GEL SHARK 150ML
3838824137643,TAFT GEL TITAN EXTREME 150ML
40152257,TAFT  DYLL CREATIVE  75ML
46103291,Winston x style silv
42138082,Winston blue era 2
40329918,Winston 10 s blue er
40669205,Rothmans leggera cigare 20cope
5304000280130,Philip morris compac 6m
5304000011758,Cigare philip morris quantum cigare 20cope
5304000280116,Philip morris compac 4m
5304000011000,Merit cigare 20cope
5304000180669,Marlboro premium black
5304000011994,Marlboro red cigare 20cope
5304000011888,Marlboro gold cigare 20cope
5304000011598,Marlboro flavor plus cigare 20cope
5304000180768,Marlboro touch xl cigare 20cp
5304000180621,Marlboro touch cigare 6 20cope
5304000180645,Marlboro touch 4 cigare 20cope
59067580,Lucy double wild 20 cope
59064930,Lucky strike
59056362,Lucky stike cigare 20cope slims
59463603,Kent nanotech infina cigare 20cope
52013454,Karelia slims cigare 20cope
5304000280253,Heets silver label
5304000280093,Heets amber label
3800001105707,Eva slims yellow
40329055,Camel filters era 2
9000100920117,TAFT CREMA CARBON FORCE 130ML
8710447484395,AXE DEO SPRAY GOLD 150ML
5201314107279,STR8 DEO FRESH RECHAR 150ML
5201314107330,STR8 DEO INVISIBLE FORCE 150ML
5201314107224,STR8 DEO FRAG RISE 150ML
3900269600713,Ajke qumeshti me speca 560 gr
5208069000329,Vitam gjalpe 1 kg
5202178062230,Olympus djathe me feta orgjinal 400 gr
5301000260049,Djath‰ i bardh‰ Gjirofarm 1 kg
5301000260056,Djath‰ i bardh‰ Gjirofarm 360 gr
8001420003666,Blond Risotti 1 kg
8001420001624,Gallo oriz 1 kg
8718114721019,Calve Gjalp Kikiriku crocante 350 ml
8714800036825,B52 pije energjike 250 ml
8009004811386,Alce nero cokokrem 180gr
8007185019034,Everton zucchero di canna bio
8007290434456,Granoro polpa di pomodoro bio gr.400
5099873089798,Jack daniel 700ml
8001110016303,Disaronno 700ml
5000289925433,Gordons dry gin 1 l
7312040017683,Vodka absolut 700ml
5304000120054,Raki me arra 500ml
5010677925006,Martini bianco 1lt
5300000021018,Kantina skenderbeu brandy 700ml
5304000347109,Leter alumini 30m
5304000347093,Leter alumini 20m
5201314941118,Fino leter alumini 10 m
8594059389688,Leter alumini prima
4066600611981,Paulaner  hefe  birre shishe 500ml
52100024,Heineken birre 330ml
4066600611363,Birre paulaner origjinal 0.33l
5942045112025,Tuborg shishe 330ml
80067955,Peroni shishe 0.33 cl
40518473,Beer gerstel non-acoholic 0.5l
5301000172540,Elbar birre can 500ml
3903253650107,Peja birre canace 500ml
3903253650015,Peja  birre shishe 330ml
8010997100012,San paolo caffe 1kg
8000070038769,Lavazza crema e gusto 250gr
8010997000015,San paolo caffe 250gr
8028696001905,Migro kafe expres 250 gr
5304000177096,Ama kafe turke 100 gr
5304000034092,Lori caffe jeshile  100 gr
5304000034085,Lori caffe  blu 100gr
5000394077164,Duracell basic aaa bateri
8594183391731,Tesla blue + zinc carbon bateri aaa4ks
8695876202119,Peyman arra 110gr
8695876070305,Peyman me lajthi 110gr*12
8695876090105,Peyman bajame 35gr
5304000241001,Alegria hurma arabie 150gr
5201044008303,Kikirik elka
3185370657218,Dom perignon blanc 2008 0.75l*lpz 12.5%
8032825450083,Amarone valpolicella 750 ml
8004300012826,La cacciatora barolo 750ml
8058341930359,Terre fanova-resirva-alc primitiv 0.7l
8058341930298,Terre fanova primitivo 0.75l
8058341930014,Terre rosso puglia 750ml
8058341930021,Terre bianco puglia 750ml
5310008007129,Tga za jug vere e kuqe 750ml
3904143740663,Vranac vere e kuqe 3 lt
3263286328993,Jp chenet merlot 750ml
3263286301323,Jp chenet cabernet syrah 750ml
8004300116548,Caldirola vino montepulciano 0.75 l
3904143740281,Bodrumi i vjeter riesling italian 3lt
80317623,Ambassador spumante 750ml
3904143740601,Bodrumi i vjeter vere vranac 750ml
3904143740618,Bodrumi i vjeter riesling italian 750ml
8022813000116,Leng i zi kallamari per makarona 8 gr
8001665128698,Rana ravioli funghi porcini 250 gr
8001665700016,Rana tortelloni prosciutto e mozzarella 250 gr
8001665128728,Rana tortelloni pesto di basilico e pinoli 250 gr
8001195164104,Tortellini carne Nonna Teresa 250 gr
8007780105088,Baza per pica 420 gr
8007780000109,Pite piadina romagnola 250 gr
80639749,Afumicata panceta a cubetti 70 gr
8028257011831,Negroni mortadella primula 500 gr
8028257000378,Milano sallam 250 gr
8028257000354,Negroni cacciatore 150 gr
8018347000630,Sallam Madeo snack dolce 100 gr
8018347000647,Sallam Madeo snack piccante 100 gr
8028257005199,Negroni sallam milano me feta 80 gr
8018347007257,FUNDE SALLAMI MADEO 300GR
8012584001252,Wurstel Del Campo pule 250 gr
8012584001016,Del Campo pule 100 gr
8003518101940,Djathe Grana Padano 250 gr
8001590640258,FRESCO PHILADELPHIA DJATHE I BUTE 250GR
8028257008763,Negroni antipasto di salame 120 gr
8003518100141,Fresco pecorino romano 200 gr
7622210138057,Djath sottilette original 285 gr
8002339012220,Inalpi gjalpe 250 gr
8003518103074,Grana Padano 150 gr
8003518102107,Provolone valapadana 200 gr
8003518103913,Oro del maso sotovuotto
8003518103104,Djathe Asiago 200 gr
8000300376425,Djathe Nestle formaggino mio 125 gr
8003518100219,Djathe i ngrire Grana Padano 100 gr
8003518101285,Parmigiano reggiano i grire 70 gr
8000430240108,Galbani belpaese formaggini
8002339500604,Inalpi formaggini 140 gr
8002339392674,Inalpi djathe me feta klasik 175 gr
4006402010100,Bergarder djath pikant 100 gr
8002339020126,Inalpi qumesht pluhur piemontese intero 300 gr
8002339020232,Inalpi qumesht pluhur piemontese scremato 300 gr
8020537309102,Bayerland qumesht per kafe 10&#215;10 gr
5203917200036,Elka bombul gazi 190 gr
8007290571403,GRANORO PASSATA DI POMODORO 690GR
8022780000676,CONDIMENTO DI VERDURE PER INSALATA
10142,PROSCIUTTO LEONARDI PARMA PRESSATO ME KG
8003640011001,SOFT LAVANDA 6.3KG
80358596,TUSCE MAIONESE 500ML
9003579302149,Pedigree vital me mish pule dhe oriz 500gr
9003579302552,Pedigree markies 150gr
9003579302545,Pedigree biscrok per qen 200gr
5900951262531,Pedigree ushqim per qen 100gr
5900951017247,Pedigree junior me mish pule 100gr
8007520099691,Migliorcane prof pesce/carne 1.25kg
8007520099646,Migliorcane prof manzo 1.25
8007520099639,Migliorcane pollo/tacchino 125gr
8007520011105,Miglior cane pollo tacchino 400gr
8007520098908,Migliorcane vitello pate 400gr
8007520098878,Migliorcane prof pollo/tacchino 400gr
8007520099684,Migliorcane prof carne/pesce/cereali 405gr
8007520099509,Migliorcane prof agnello riso 405gr
8007520099622,Migliorcane manzo 405g
3010470153967,Friskies chicken and meat with vegetables 400g
8007520099592,Migliorgatto salmone 400 gr
8007520012652,Migliorgatto prof. Pollo pate 400gr
8007520099608,Migliorgatto prof. Manzo cuore 405gr
8007520012621,Migliorgatto pesce/gamberetti pate
8007520099752,Migliorgatto fegatini di pollo 405gr
8007520012188,"M.gatto bocconi pollo,tacchino 405 gr"
80393337,Gourmet gold mse chicken 24&#215;85 gr
80393313,Gourmet gold mousse pesce 85gr
3222270493796,Gourmet gold duo t rbt&amp;liver 24&#215;85 gr
8028696272770,Mon claire gat. Bocconi con pesce gr.405
8028696272787,Mon claire gat. Pate con mazno gr.100
5000204822830,Pronto spray lavanda 300ml
3850105101051,Arf crystal shine 750ml
3850105110725,Arf antistatik ilac xhamash 750ml
5301000288845,Epta detergjent xhamash 750ml
5301000288838,Epta solucion xhamash 500ml
8718951048461,Ajax triple action 750ml
8718951048799,Ajax glass shiny 750ml
8718951048669,Ajax glass pink 750ml
8714789842486,Ajax flowers of spring glass 750ml
8718951048522,Ajax crystal clear 750ml
8690536240401,Test gel 400gr
8002910022198,Sole piati clasico 1100ml
8015100569588,Nelsen piatti argilla 900ml
8015100569571,Nelsen piatti acet&amp;lavanda 900ml
8015100569595,Nelsen detergjent enesh 1lt
8015100569564,Nelsen carboni attivi 900ml
5301000288760,Mr.ok solucion enesh 3lt
5301000288746,Mr ok solucion enesh 4lt
8003640009923,Limonello piatti 1250ml
5301000288630,Laen arome frutash 500ml
5301000288647,Laen  detergjent 1lt
5201347172770,Finish all in one max 27 tableta
8002910022143,Finish 15 tabs lemon 280gr
8002910022082,Finish 15 tabs reg
5201347165093,Finish kripe per lavastovilje 1.2kg
4015600626228,Fairy pgp lemon 5l
8001090839411,Fairy red orange 1.2 l
8001090839336,Fairy lemon 1.2l
8001090839374,Fairy apple 1.2 l
8001090902597,Fairy tea tree mint 800ml
8001841384825,Fairy pomegranate &amp; red 2*800ml
8001090902634,Fairy chamomile 800ml
4084500981652,Fairy tea tree&amp;mint 450ml
4084500981898,Fairy red orange 450ml
4084500981737,Fairy lemon 450ml
4084500981577,Fairy chamomile 450ml
4084500981812,Fairy apple 450ml
5301000288623,Epta gel larese per pjata
3800024046209,Semana blue whisper 1.7l
3901577170080,Novela lavanda purple 2 lt
3901577170066,Novela aromatherapy breeze 2 l
8001090208651,Lenor spring awake  1lt
5301000288418,Epta dumbo amorbident 2lt
8606015843292,Duel soft lotus 63larje 1.9l
8053323960591,Certo ammorbidente petali di rossa 4 lt
8053323960584,Certo ammorbidente fresco di primavera 4 lt
8053323960607,Certo ammorbidente fior di lotto 4 lt
8003045100508,Alba lavatrice mix color 4lt
8003045100485,Alba lavatrice argan&amp;narciso 4000ml
8003640011506,Soft fustone 100misurini blue oxygen
4084500949614,Dash detergjent 105 larje
4607109403907,Calgon tablet powerball 12 cope
5949031307359,Calgon tablete powerball
8690536922116,Test violet per larje me dore 500gr
8003640015412,Soft : freschezza lavanda 70+8 lav.5.538kg
3838966202278,Megamax detergjent pluhur 3kg
8606013177559,Duel jasemin 3 kg
5300000010777,Deka No Comment 3 kg
5300000010906,Deka no comment blu 2kg 22 larje
3850105123060,Bioaktiv mountain fresh 3kg
3850105132789,Bioaktiv marine fresh detergjent 3kg
3850105124821,Bioaktiv flower 2in1 3kg
3850105123084,Bioaktiv cool fresh detergjent 3kg
8690536922376,Bingo white&amp;color 6kg
8690536920662,Bingo mountain fressh 3kg
8690536920686,Bingo 2in1 3kg
8690536920679,Bingo lovely color 3kg
8690536921966,Bingo color 3kg
8690536921812,Bingo starry night 2kg
8690536084340,Bingo shining colors 2kg
8690536922444,Bingo automat 2in1 2kg
8690536920167,Bingo 2in1 color 2kg
4084500358751,Ariel oxy 3kg
5413149260276,Ariel mountain spring 3kg
5413149260245,Ariel mountain spring 2kg
5413149644021,Ariel lenor fresh 2kg
8001090524942,Ariel lavande 2 kg
5413149260665,Ariel color 2kg
8003640020270,Soft liquido nero totale 2.5l
8003640020218,Soft liquido 2.5lt
8003640020201,Soft liquido 2.5l lavander
8003640020263,Soft : liquido 2.5lt olio di argan
8003640020058,Soft : liquido 2.5lt classico
8002295000095,Pulirapid roze 750ml
8002295094124,Pulirapid blu 750ml
5301000289125,Epta zbardhues 2.5lt
5301000289057,Epta zbardhues 1 l
5300000010852,Deka color 30larje
8001090800909,Dash liq col 1.1l
5000186735036,Cif cream original 500 ml
8003045420637,Alba lavatrice lavanda 4lt
8003045420620,Alba lavatrice classico 4lt
8014444008333,Vit tovaglioli rosso pz 25
8006783354110,Vit mister bobina leter guzhine 500cp
8008260002316,Foxy carta cucina : bobineta tornado blu 300strappi
5029053016863,Scottex tavaglioli colorati
5304000240080,Petal bobine kuzhine wow
5304000240400,Petal bobine kuzhine 400 prerje
5304000240332,Petal bobine kuzhine 340 prerje
5304000240325,Petal bobine kuzhine 260 prerje 800gr
5304000240431,Petal leter kuzhinne 3rolls
5304000240110,Petal leter guzhine 2rula
5304000240165,Petal leter guzhine 2 rula
5304000240059,Petal kartopecete
5304000240011,Petal facoleta 10cop
5304000240035,Petal kartopeceta deluxe 60pz
8005892342322,Fazzolet smile 10pz
7322540838305,Zewa leter higjenike winter 10rula
9011111035769,Zewa leter higjenike  me pjeshke
8032595130673,Tiffany talco leter higjenike 6rotoli
8000886301170,Soffigen carta 10rotoli
5304000240417,Petal leter tualeti premium 4 veli
5304000240233,Petal delux sweet talk
5304000240264,Petal leter tualeti orchid
5304000240257,Petal leter tualeti lavander
5304000240318,Vela leter tualeti peach
5304000240288,Vela leter tualeti chamomile
5304000240073,Petal leter higjenike 8rolls
8005892110648,Smile leter higjenike 10
5201314051237,Tuboflo hot 100gr
5201314051190,Tuboflo cold 100gr
4084500907669,Mastro lindo lemon 950 ml
4084500907720,Mastro lindo gel 950ml
4084500907782,Mastro lindo bath 950ml
5301000289088,Epta acid 1lt
5319990648334,Clean acid solucion per tualet 1lt
8007223000215,Chimiplast acido muriatico 1lt
9000100656801,Bref duo pack pine 51gr
9000100656863,Bref duo pack ocean 51gr
9000100656832,Bref duo pack lemon 51gr
9000100956123,Bref duo pack lavender 50gr
9000100625104,Bref power aktiv limon 51gr
8002295001559,Pulirapid muschio bianco 1 l
5301000289002,Mr.ok solucion pllakash 4lt
5301000289019,Mr.ok solucion pllakash 3lt
8714789842394,Ajax apc spring flowers 1.5 l
8718951115934,Ajax apc lilac breeze 1.5 lt
8718951278424,Ajax spring 1lt
8718951278394,Ajax red 1lt
8714789879628,Ajax apc tulip 1 l
8595003411387,Ketchup tomato jo pikant 450gr
8595003408844,Ketchup tomato jo pikant 250gr
8595003408998,Spak mustarde 250gr
8001040198995,Majonez kraft 465 gr
8722700263623,Calve maionese classica vazo 500gr
5301000233661,Replay 2+1 falas
5301000232367,Replay rigon chips 40gr
5301000232459,Replay ripitos 32gr
5301000232435,Replay richiz 32gr
7622300379414,Patos rolls me spec 110gr
8681506000255,Patos oregano 100gr
8691477200141,Patos me ereza 100gr
8691477200134,Patos me ereza 53gr
5201024780212,Lays salt 40gr
5201024781233,Lays rigon 40gr
5201024784494,Lays cheese 40 gr
5201024782506,Lays barbecue 40gr
3800205873358,Maretti brusketi peperoni 70gr
3800205875604,Bruschette maretti 70gr
3800205871255,Bruschette maretti  pizza 70gr
3800205875109,Bruchette maretti tomato 70gr
5201360671069,Bake rolls pizza 80gr
5201360639007,Bake rolls  natural 80gr
5201360639205,Bake rolls  garlic 80gr
8028696262689,Benn fette dorate gr.320
8051490021343,Fette del matino inteergrali 648g
8013355500684,New cracker olive
8013355998542,Cracker salato 250 g
8013355500752,Granpav non salatti
8008620009320,Crich cracker salati 250gr
8008620009337,Crich crackers integrali 250gr
8022780000669,Cetriolini in aceto di vino
8410131000107,Rianxeira atun tono
8001010005346,Ponti ullinj te zinj pa berthame
5300000130130,Sidnej trangull 580 gr
3800206930968,Big market kerpudha 300gr
8008105400024,Fagioli barlotti 400gr
8008105400017,Fag cannellini 400gr
8008105350084,Ellebi mais dolce miser i embel 326gr
8008105400062,Ellebi lenticchie thjerrza 400gr
8008105400048,Fasule spagna les 400gr
8004030381551,Rio mare tonno extra vergine 4x80gr
8004030383562,Rio mare tonno all olio di oliva 4x80gr
8004030177000,Rio maretonno olio olivia piccante
8004030345775,Rio mare tonno olio oliva 3*80gr
8004030100213,Rio mare tonno olio oliva 2*80gr
8410315050430,Avante tonno 80gr
5201340000025,Trata sardele ne vaj pikant
5201340000018,Trata sardele me vaj bimor 100gr
5301000231148,Elka ton ne vaj vegjetal 160gr
6111070002376,Bel mare sardele me spec 125 gr
6111070002383,Bel mare sardele me domate 125 gr
8000500283219,Kinder colazione 290 gr
8002371000681,Antonelli ciliega 8pc 400gr
8002371000162,Antonelli cacao 8pc 400gr
3800200451490,Karuzo  manaferre 62gr
3800200450707,Karuzo visne 62gr
3800200450714,Karuzo cream pta blueberry 62gr
5201360112166,Molto max cocoa 80gr
5301000230400,Belino kruasant double qershi 80gr
5301000230141,Belino kroasan lajthi 80gr
5301000230004,Belino krem kakao 80gr
5304000102289,Veneta amaret 240 gr
8008940900109,Gandovo classico biskota me veze 400gr
8001100011677,Balocco zuppole 700gr
8001100011745,Balocco pastefrolle 700gr
8001100012469,Balocco ciambelle 700gr
8001100011721,Balocco bastoncini 700gr
8001100012506,Balocco  mondine  700gr
8001100011899,Balocco zuppole 350gr
8001100011905,Balocco mondine 350gr
8001100011882,Balocco bastoncini 350 gr
5304000223236,Mare grandi grandonde 700gr
5304000223281,Mare family biscuits 900 gr
5304000137229,Tagani biskota donatella 600gr
5304000137922,Tagani biskota qumeshti 380gr
7622210765338,Oreo original 176 gr
7622210766175,Oreo original 66 g
5410041435702,Tuc original biskota me kripe 100gr
7622300570293,Tuc bacon biskota me proshute 100gr
5306000003610,Morava mjalte korce 800gr
5306000003627,Morava mjalte akacie 500gr
5306000008264,Recel luleshtrydhe 900gr
80415794,Zuegg 100% da frutta fragole 250g
5300000133674,Recel qershi 630 gr
8000500179864,Nutella  ferrero 600gr
80135876,Nutella cokokrem 400gr
80135463,Nutella cokokrem 200 gr
5201127097576,Nucrema krem kakao me lajthi 1kg
5201127097354,Nucrema krem kakao me lajthi 1kg
5301000231605,Daily krem kakao me lajthi 1kg
7610400013864,Lindt cokollate me qumesht e lajthi 300gr
7610400030557,Lindt lindor milch  200gr
7610400071703,Lindor cokollata 200gr
8003340068114,Lind fondente con nocciole intere 100gr
5413548040639,Raffaelo cokollate 40gr
40111216,Bounty chocollate 57gr
5000159461122,Snickers cokollate 50gr
4000607851001,Schogetten milk hazelnuts 100gr
4000607852008,Schogetten dark chocolate 100gr
7622210194046,Milka oreo 100 gr
3800005103075,Milka whole hazelnuts 100 gr
80177616,Kinder chocolate 8bars 100gr
80310891,Kinder joy 20gr
54088191,Kinder surprise 20gr
80761761,Kinder bueno white 2cp 39gr
80052760,Kinder bueno cokollate 43gr
80177609,Kinder chocolate 4bars 50gr
40084176,Kinder country 23.5gr
80619062,Neutro roberts roll on  powder fresh 50ml
42349822,Nivea deep roll 50 ml
42241980,Nivea deo roll-on cool kick 50ml
42241898,Nivea deo rollon black-whit cler 50ml
9005800262048,Nivea deo protect&amp;care for women spray
42332466,Nivea deo men black white 50ml
4005808733880,Nivea deo anti perspirant silver  men 150ml
4005808734320,Nivea deo anti perspirant sensitive men 150ml
8002410010923,Neutro roberts deo spray men invisible 150ml
8002410002232,Neutro roberts deo spray 150ml
80512165,Neutro roberts  deo roll pink fresh 50ml
40064895,N deo male dep roll on amazonia
8002410043471,Deo spray borotalco original fresh
8717644271568,Dove deo spray lemon 150ml
8710908501005,Dove deo mineral touch 150ml
8711600532397,Dove deo anti perspirant invisible men 150ml
8711600786226,Dove deo anti perspirant go fresh 150ml
8717644579107,Dove deo anti perspirant clean men 150ml
8710908559235,Dove deo aloe vera 150 ml
80704645,Deo roll on neutro roberts men
80948674,Deo roll on borotalco invisible 50ml
8002410043525,Deo borotalco spray activ giallo 150ml
80453000,Borotalco  deo roll orig fresh 50ml
8691275000172,Ipek pambuk disk  50 fije
GABRINI,Manikyr gabrini
4005808157983,Nivea creme 150ml
42163176,Nivea creme 75ml
9000100814461,Syoss professional oleo intense nr710
9000100815277,Syoss professional oleo intense nr110
9000100633000,Syoss professional permanent nr14
9000100883085,Palette natural colors w2
3838824159171,Palette color creme c1
3838824159454,Palette permanent natural colors n2
9000101213898,Palette ngjyre 5-46 glossy
3838824159850,Palette intensive color creme rfe3
3838824159614,Palette intensive color creme n6
3838824159539,Palette intensive color creme n4
3838824159218,Palette intensive color creme c10
3838824159652,Palette color creme nr7 50ml
3838824159416,Palette color creme n1
3838824197197,Palette color creme c9 50ml
3838824159133,Palette color creme a10
4016369546154,Lacalut white&amp;repair 75 ml
4010439201387,Lacalut white 75 ml
8714789724560,Colgate max white&amp;shine
4084500744158,Az luxe white accellit 75ml
5900273132161,Colgate max fresh cooling 125ml
8718951100855,Colgate max fresh 125ml
8718951050860,Colgate max white optic 75ml
8714789867632,Colgate max white luminous paste 75ml
8714789755328,Colgate max white
8714789755359,Colgate cooling crystal 75ml
7891024132074,Colgate triple action 50 ml
7891024128978,Colgate triple action 50ml
7891528028941,Colgate cavity 50 ml
8712561878401,Aim tp white now gold 50ml
8712561877664,Aim tp white now blu light 75ml
8710908437885,Aim tp family prot white ant  2x100ml
8717163434062,Aim tp family prot herbal 75ml
8714789732244,Colgate extra clean medium 1&amp;1 furce
8590232000050,Colgate classic deep clean furce
8714789823775,Colgate furce classic deep clean
8002410042221,Borotalco sapun  liquid idratante 250ml
8008970041148,Tesori oriente sapone mirra 150gr
3549620005301,Le petit sapun i bute &#8211; verbena lemon 100 g
3549620005332,Le petit sapun i bute &#8211; argan oil 100 g
8714789699172,Palmolive bs milk honey 3+1 *90gr
8693495033985,Palmolive with olives sapun 90gr
8693495033770,Palmolive vitamin 90gr
8693495033176,Palmolive sapun thermal spa 90gr
8693495034258,Palmolive milk  rose sapun 90gr
8693495034180,Palmolive milk  honey sapun 90gr
8693495046589,Palmolive men refreshing 90gr
8693495034111,Palmolive cucumber sapun 90gr
8693495050098,Palmolive camelia sapun 90gr
8693495034425,Palmolive balanced  mild sapun 90gr
5301000287947,Epta sapun  rrobash 500gr
8717163607268,Dove soft peeling sapun 100gr
8710908471667,Dove sapun esfoliante 100gr
8000700000005,Dove sapun blu 100gr
8712561277242,Dove gofresh revive 100gr
8712561538077,Dove cream bar touch 100gr
8712561548953,Dove cream bar restore 100gr
5301000289316,Dolce tenero sapone liquido 1000 ml
5201347000615,Dettol sapun me pompe 250ml
5201347170523,Dettol sapun kamomil me pompe 250ml
5201347172886,Dettol sapun classic 4 x100g
5201347172923,Dettol fresh sapun 4 x 100g
5201347172893,Dettol sapun sensitive
5201347172916,Dettol sapun fresh
5201347172879,Dettol sapun classic 100 gr
7900001126354,Schauma shampo 2x400ml
7900000378600,Schauma shampo400ml+shampo 250ml
3838824193106,Schauma q10 shampo 400ml
3838824138923,Schauma obnovi shampoo 400ml
8001841647166,Pantene rigenera e protegge shampoo 400ml
8001841647043,Pantene ricci perfetti shampoo 360ml
8718951270022,Palmolive olive&amp;milk 650ml
8718951270688,Palmolive massage 650ml
8718951259959,Palmolive almond&amp;milk 650ml
8714789880488,Palmolive vital strong shampoo 350ml
8714789880556,Palmolive silky shine effect shampoo 350ml
8718951065604,Palmolive shampo nutri lis 350ml
8714789880471,Palmolive long  shine shampoo 350ml
8714789880501,Palmolive hydra balance shampoo 350ml
8714789880464,Palmolive fresh  volume shampoo 350ml
8714789880518,Palmolive brilliant color shampoo 350ml
8714789880525,Palmolive beauty gloss shampoo 350ml
8714789880495,Palmolive anti dandruff shampoo 350ml
8001090196422,Head&amp;shoulders ocean 360ml
8001090196545,Head&amp;shoulders moisture 360ml
8001090196385,Head&amp;shoulders menthol 360ml
8001090196347,Head&amp;shoulders menthol 360ml
8001090196262,Head&amp;shoulders classic clean 360ml
8001090496669,Head&amp;shoulders 360ml
8001090196620,Head &amp; showlders nourishin care 360 ml
8001090196224,Head&amp;showlders classic 360ml
8001090196583,Head&amp;shoulders care 360ml
8001090196668,Head &amp; showlders anti hairloss 360 ml
8008970035109,Gaia balsamo famiglia 500ml
8710447174746,Dimension shampoo secchi 250ml
8710447174692,Dimension shampoo normali 250ml
8710447174722,Dimension shampoo lisci 250ml
8710447174685,Dimension shampoo grassi 250ml
8710447174715,Dimension shampo olio do cocco 250ml
8710447174739,Dimension shampo olio di  avokado 250ml
8710447174708,Dimension cammomilla shampo 250ml
4605922008293,Clear intense hydration 400ml
8717644165737,Clear ice cool menthol shampoo 400ml
8717644165829,Clear damaged colored 400ml
8717644165768,Clear anti hair fall shampoo 400ml
8693495048712,Palmolive men sport shampoo trupi 750ml
4005900138842,Nivea bagno vellutante 750ml
8004120020575,Mil mil bagno muschio fl 1lt
8003510017386,Malizia bango schiuma nuvola 1000ml
8003510009299,Malizia bango schiuma bianco 1000ml
8003510014286,Malizia bagno schiuma muschino 1000ml
8003510025107,Malizia bagno schiuma argan&amp;vaniglia 1000ml
8712561899109,Dove bagno seta 700ml
8712561899246,Dove bagno karite 700ml
8712561899185,Dove bagno idratante 700ml
8712561899147,Dove bagno go fresh 700ml
8032680395925,Dermomed talco e risi shampo trupi 750ml
8032680390647,Dermomed pesca shampo trupi 750ml
8032680390654,Dermomed olio di argan shampo trupi 750ml
8032680398063,Dermomed idratante talco shampo trupi 750ml
8032680390630,Dermomed cashmere shampo trupi 750ml
8054633831083,Dermomed bs lilium e dragon 750ml
8054633831052,Dermomed bagno karite e mandola 750ml
8002410043013,Borotalco hidratante 700ml
8006895112486,Bagnocrema taloo 750ml
8006895112516,Bagnocrema olio d oliva 750ml
8006895112479,Bagnocrema muschio bianco 750ml
8006895112790,Bagnocrema mandorlo 750ml
8006895112523,Bagnocrema latte 750ml
8006895112509,Bagnocrema argano 750ml
8001040418277,Biskote plasmon 720gr
8001040418420,Biskote biberoni 600gr
8001040040928,Plasmon pappa lattea biscotto
8001040040911,Plasmon pappa lattea  fruta misra 250gr
8001040418314,Plasmon biskota 600gr
PLASMON,Plasmon biscotto 600gr
8001040418352,Plasmon biscotto m ekakao 240 gr
8001040009703,Plasmon pure banane 240gr
8001040415979,Plasmon miell orizi 230gr
8001040416006,Plasmon crema di cereali 230gr
8001040417843,Plasmon biscotti cereali 270 gr
8001040030387,Plasmon bebiriso 300gr
8001040418949,Pure banane &amp; molle
8001040097793,Plasmon kos molle 240gr
8001040415894,Plasmon kos frutash me dardhe 208gr
8001040415832,Plasmon 4 fruta 2x100gr
8001040012437,Plasmon pokerina 340gr
8001040012352,Plasmon pastina 340gr
8001040012536,Peshk fileto orata
8001040040201,Pappalate me dardhe 250gr
8001040016565,Mish vici dhe pule
5900852021787,Mellin omo p gr.80&#215;2 trota
8000050533802,Mellin omo gr.100&#215;2 mela/albicocca
3574669907729,Johnson baby shampo 750ml
8029241114422,Disney frozen bubble bath 250ml
8029241115641,Batman shampo shg 250ml
8001280026225,Felce azzurra puder 200 gr
4015400697558,Pampers pants box 1&#215;88
8001090950697,Pa gcp s6 extra large 2*68
8001090950215,Pa gcp s3 midi 1&#215;104 (1)
8001090949974,Pampers 5 junior 2&#215;64
8001090949813,Pampers s4+ maxi plus
8001090948571,Pa jp s7 xx large 2&#215;48 (2)
4015400274780,Pampers premium nr3 60cp
4015400278818,Pampers premium care 52 cp
4015400682882,Pampers pants jp midi 2&#215;60
4015400672906,Pampers pants 5 18kg
4015400672869,Pampers pants 4 9-14kg
8001841104874,Pampers 4-8kg 68 fije
8001841104836,Pampers 2-5kg 78 fije
8001090948137,Pa jp mini
8001090951427,Pa vpp s7 xx large 2&#215;40 (2)
8001090950970,Pa vpp s4+maxi plus 2*53
8001090950819,Pa vpp s4 maxi 3*58
8001090950659,Pa vpp s3 midi 3&#215;66
8001090950338,Pampers s6 extra large (13-18kg)
8001090950178,Pampers s5 junior (11-16kg)
8001090950017,Pampers s4+ maxi plus (10-15kg)
8690536815395,Molfix super ekonomik nr 4
8690536815418,Molfix super ekonbomik nr 5
8690536813322,Molfix 11-25kg 44cp
8690536814466,Molfix ekonomik nr2
8690536813308,Molfix 9-16kg 54cp
8690536813285,Molfix 7-18kg 60cp
8690536813407,Molfix 4-9kg 68cp
8690536815197,Molfix 16 kg  36cp
5201263085680,Babylino sensitive 11-25kg
5201263085666,Babylino sensitive 7-18 kg
5201263085697,Babylino sensitive 13-27kg
9008700173582,Yippy red berries pet 330ml
9008700141987,Yippy peach pet 330ml
9008700141949,Yippy orange pet 330ml
9008700141963,Yippy multi pet 330ml
9008700141918,Yippy apple pet 330ml
9008700149181,Yippy pjeshke i 0.2l
8002580028025,Santal ar.rosse 1l
8002580028049,Santal dardhe 1lt
9006900014018,Pfanner leng pjeshke 2lt
9006900010362,Pfanner portok ace 1.5lt
9006900010683,Pfanner leng multi 1.5lt
8002700219203,Nett pesca jolly 3x200ml
8002700219302,Nett pera jolly 3x200ml
8002700219401,Nett mela jolly 3x200ml
8001440114717,Jolly ace portok karrot limon 3x200ml
9008700112178,Bravo vitamindrink ace tetra 2lt
9008700108256,Bravo portokall i kuq tetra 2lt
9008700155908,Bravo pjeshke molle tetra 2lt
90020841,Bravo multivitamin tetra 2lt
9008700147392,Bravo mela verde tetra 2lt
9008700145268,Bravo arancia tetra 2lt
90169380,Bravo sunny orange pet 1500ml
9008700192330,Bravo sunny mango 1.5l
9008700133784,Bravo pomegranate pet 1500ml
9008700156332,Bravo pineapple pet 1500ml
9008700136808,Bravo paradise peach pet 1500ml
90020988,Bravo multivitamin pet 1500ml
90087943,Bravo multired pet 1500ml
9008700152921,Bravo luleshtrydhe pet 1500ml
9008700122788,Bravo green apple pet 1500ml
90087752,Bravo strawberry can 250ml
90087677,Bravo red grape can 250ml
90087745,Bravo peach 250ml
90087660,Bravo orange can 250ml
90087691,Bravo multivitamin can 250ml
90087110,Bravo green apple can 250ml
90087844,Bravo cherry can 250ml
9008700172714,Bravo strawberry banana can 250ml
5201005001466,Amita qershi 1lt
5201005074156,Amita portokall kajsi 1lt
5201005001688,Amita pjeshke 1lt
5201005069268,Amita luleshtrydhe 1lt
5201005001480,Amita banane 1lt
5201005067264,Amita portokall kajsi molle 250ml
5201005007338,Amita pjeshke 250ml
5201005080102,Amita karrote 250ml
5201005080126,Amita ananas 250ml
5202908000112,Agros leng banane 1 lt
5202908000143,Agros nektar shege 1lt
5202908000167,Agros leng qershie 1l
5202908110019,Agros leng portokalli 1l
5202908110002,Agros leng pjeshke 1l
5202908101000,Agros leng molle 1l
5202908000105,Agros leng frutash multivitamine 1l
8001620001493,San benedetto the pesca 500ml
8001620001486,San benedetto the limon 500ml
9002490200220,Redbull sugar free 250ml
90162602,Red bull energy drink 250ml
5301000172021,Pepsi 1.5 L
5301000172007,Pepsi 330ml
80145424,Orange soda kanace 330ml
5301000200090,Orange soda 330ml
5301000172304,Lipton limone 330 ml
5301000172311,Lipton ice tea pjeshke 330ml
80145455,Lemon soda kanace 330ml
5301000172113,Ivi portokall i gazuar 330ml
5449000011527,Fanta  portokall can 330ml
5449000133335,Coca cola zero 1.5lt
5449000000439,Coca cola  1.5lt
5000112584325,Coca cola zero 1.5l
54491472,Coca cola shishe 500ml
5449000131805,Coca cola zero kanace 330ml
5449000000996,Coca cola 330ml
5310071000393,Tepelena uje balance 330ml
8032268115105,Tepelena uje natyral 2lt
8032268114108,Tepelena uje natyral 1.5lt
8032268214105,Tepelena uje i gazuar 1.5lt
8032268111107,Tepelena uje natural 500ml
5301000171345,Spring uje mineral natyral 2lt
5301000171376,Spring uje oligomineral 1500ml
5301000171406,Spring uje natyral 500ml
8053259800145,San benedeto aqua naturale 2lt
5304000014049,Qafshtama uje natural 2lt
5304000014001,Qafshtama uje  1.5 l
5304000014025,Qafshtama  uje natural 500ml
8000815303206,Panna acqua naturale 1.5lt
5304000044077,Lajthiza uje 5lt
5304000044169,Lajthiza uje 2lt
5304000044114,Lajthiza uje natyral burimi 1.5lt
5304000044091,Lajthiza uje natyral burimi 500ml
5301000171031,Glina uje i gazuar me limon 1.5l
5301000171017,Glina uje i gazuar 1500ml
5301000171000,Glina  uje i gazuar 500ml
5306000058306,B/ natural water first
8005200106561,Aqua vera 2 lt
8008490000021,Aqua oliveto 1.5lt
80418214,Aqua frasassi 2lt
80463511,Aqua frasassi 0.5l
5304000098087,Reas paketim 15veze te kuqe
5304000098094,Reas paketim 15 veze te bardha
5304000098025,Veza reas 8 nga me te mirat
V,Veze e hapur me kokrra masa m
10107,Parmigiano reggiano me kg
10076,Grana padano agriform me kg
10269,Djathe gorgonxola granbavarese me kg
10316,Djath dele butrinti me kg
10187,Orhan kackavall dele  me kg
10504,Kackavall lope me kg
10414,Orhan djath dhie  me kg
10056,Orhan djath dele me kg
10134,Djath feta  dele  me kg
10026,Djath guda me kg
10140,Rapsodia djath lope  me kg
10212,Djathe i bardhe lope me kg
4014500509518,Zottarella 125 gr
5208069000107,Vitam soft 500gr 12*500gr
8600109125011,Vital gjalp 1kg
3228020355741,President gjalpe me kripe 200gr
3228022910023,President gjalp pa kripe 200gr
7622300340285,Philadelphia original 175gr
7622300756390,Philadelphia me kos 175gr
5304000008697,Lufra salce kosi 900gr
5304000008680,Lufra salce kosi 450gr
5304000008109,Lufra qumesht 1.4 lt
5304000008185,Lufra kos i lengshem 1kg
5304000008055,Lufra kos 980 gr
5304000008024,Lufra kos gote 380gr
5304000008017,Lufra kos i vogel 200gr
5304000008444,Lufra kackavall i grire 100gr
5304000008291,Lufra gjalp 100gr
5304000008260,Lufra dhalle familjar kuti 1 l
5304000008284,Lufra ayran 330ml
5304000008277,Lufra dhalle karton 400ml
5304000008208,Lufra dhalle i vogel450gr
9066085415291,Happy cow  djath bebe 24cp 360gr
9066085413129,Happy cow light  140gr
9066085415284,Happy cow djath bebe 120gr
5304000053000,Erzeni qumesht 1.4lt
5304000053031,Erzeni kos me bidon 950ml
5304000053857,Erzeni kos 200gr
5304000053369,Erzeni gjalp i fresket 250gr
5304000053352,Erzeni gjalp i fresket 100gr
9066085411330,Djath bebe ham 140gr
80179122,Dinki 8 formaggini 140gr
5711953006425,Arla mozzarella 150gr
8018347005710,Spianata calabrese madeo piccante 80gr
8003518102114,Provolone valapadana 200 gr
8007780501033,Piadina biologica 300gr
8003518105009,Parmigiano reggiano agriform 150gr
80639756,Pancetta ai cubeti dolce 2x70gr
8005180160010,Pagani di patate 500gr
8000300376739,Nestle formaggino mio 125gr
8003518104538,Montasio fresco vacum 180gr
8002795000298,Mascarpone 250 gr
4008400290126,Kinder pingui chocolate 30gr
40084794,Kinder milch schnitte 28gr
4008400553023,Kinder maxi king
8002339012633,Inalpi gjalpe piemontese 120gr
8002339392728,Inalpi djathe me feta emmental 175 gr
8002339392681,Inalpi djath me feta light 175gr x 16pz
8002670017984,Granarolo qumesht per femije
8002670017939,Granarolo qumesht per femije
8003518100516,Gran primo mix gratuigiato 100gr
8023951002123,Ghidetti grana padano 200gr
8000430264517,Galbani djathe me feta 200gr
8003518104507,Djathe piave vecchio dop 180gr
8000300375428,Djathe nestle formaggino mio 125gr
8003518100257,Djathe grana  padano gratuttiugato
8018347004713,Antipasto madeo misto della sila greca
40145389,Zott monte maxi milk 100gr
40145228,Zott monte kos frutash milk 55gr
4014500504988,Zott jogobella me pjeshke 400gr
40338644,Zottis puding me  vanilie
4014500510385,Zottis creamy strawberry 115gr
40338576,Zottis fruit puding 115gr
40338637,Zottis dessert puding cokoll 115gr
4014500506821,Zottis fruit kos 400gr
40338453,Zott liegeois 175gr
8410128416201,Pascual yogi kids
8410128416188,Pascual yogi  kids 80gr
4040600081784,Kos fruttis luleshtrylle  125 gr
4040600022701,Kos fruttis banane dardhe pjeshke
4014500503684,Jogobella ananas 150gr
4014500512068,Jogobella 0% 150gr
4014500503653,Jogobella classic 150gr
4040600081869,Fruttis luleshtrydhe-qershi 125gr
4040600078531,Fruttis qershi-luleshtrydhe 125gr
4040600081708,Fruttis kajsi mjeder 125gr
4040600078548,Frittis kos frutash lulesh-pjeshke-marak 125gr
59438908,Danone activia musli luleshtr 125gr
59419181,Danone activia musli 125gr
5941209012942,Danone activia cereale integrale 125gr
5941209007894,Danone disney luleshtr 125gr
5941209007917,Danone disney biskote 125gr
5941209013772,Activia cereals nuts oat
10988,Ullinj me hudher me kg
10992,Ullinj me spec djeges me kg
10959,Ullinj jeshil me kg
10220,Ajke speci me kg
10346,Jugufarm salce kosi me kg
10003,Salce kosi me kg
10218,Gjize me kg
10181,Driza pule e fresket
10881,Drastik cung pule 1 kg
10505,Suxhuk shtepiak cilesi e  pare
10521,Suxhuk kosove me kg
10337,Negroni arrosto tacchino me kg
10077,Mortadella bollo me kg
10304,Hako peperoni sallam me kg
10096,Gourmand sallam me ereza me kg
10348,Ehw turist me kg
10062,Ehw milano me kg
10016,Ehw proshute vici me kg
10198,Ehw sallam parizier me kg
8008110001049,Wudy pop parizier 500gr
8008110002015,Wudy classico salcice 100gr
8008110002008,Wudy classico 250gr
8008110002107,Wudy aia formaggio 150gr
5300000121091,Tona tostino pako 254gr
5300000120698,Tona tost dhe pariza 250gr
5300000120070,Tona pariza feta pako 250gr
9003903446556,Sallam scharfer beisser 80gr
9003903446549,Sallam gr. Kamin beisser
8028257005090,Negroni proshute krudo me feta 70 gr
5301000011306,Hako sallam ekstra 700gr
5301000010569,Hako roster feta 200gr
5301000010026,Hako kremvice e tymosur 450gr
5301000011054,Hako hot dog salcice 3cp 250gr
9003903496025,Greisinger krainer cheese sausage 340gr
9003903496360,Gr. Frankfurter 300gr
3838977033380,Gala sallam 400 gr
3838977021776,Extra sallam me djathe 100gr
5304000030278,Ehw turist pako 250gr
5304000030186,Ehw salcice me pako 470gr
5304000030179,Ehw kremvice pako 470gr
5304000030483,Ehw frankfurter vici 250gr
5304000030223,Ehw bratwurst pako
5306000031514,Jufka dibre 1kg
3904475444444,Jufka emdo 500 gr
5304000241131,Alegria jufka paketim
5306000031507,Jufka dibre 400gr
8005180010506,Tortellini prosciuto crudo 500gr
8005180010209,Tortellini con prosciutto  250gr
8005180020208,Tortellini ai tre formaggi  250gr
8005180070555,Tortelini ricotta spinaci 500gr
8076809523714,Tagliatelle uovo 500g
8000050021651,Star yakisoba nudolini pollo 93gr
8000050021644,Star yakisoba nudolini manzo 93gr
8000050019443,Star saikebon nudolini verdure 60gr
8000050019436,Star saikebon nudolini manzo 60gr
8056324082064,Stagionu d italia tortiglioni
8056324082088,Stagioni italia penne rigate 500gr
8056324082002,Stagioni di italia spaghetti 500gr
8056324082019,Stagioni d italia linguine 500gr
8056324082033,Stagioni d italia fusilli 500gr
8056324082095,Stagioni d italia farfalle 500gr
8076809529419,Spaghetti integrale
8008343200660,Rummo penne rigate 500gr
8008343200493,Rummo elicodiali 500gr
8005180010520,Ravioli con prosciutto crudo 500gr
8005180010513,Ravioletti con prosciutto pagani 500gr
8005180010216,Ravioletti con prosciutto pagani  250gr
8076809529433,Pennette rigatte integrale
8076809501415,Penne tricolor 500gr
8005180160034,Pagani tagliolini all uovo 250gr
8005180160027,Pagani tagliatelle 250gr
8005180090201,Pagani tortellini 250 gr
8004690050620,La molsana linguine nr6 500gr
8004690172803,La molisanafusilli 500gr
8004690051634,La molisana spaghettini 500gr
8004690051573,La molisana spaghetti 500gr
8004690052112,La molisana pennoni lisci 500gr
8004690052211,La molisana pennette rigate 500gr
8004690052044,La molisana penne rigate nr20 500gr
8004690631805,La molisana penne lisce 500gr
8004690052846,La molisana nr28
8004690053225,La molisana mezzi rigatoni 500gr
8004690050705,La molisana mezze linguine 500gr
8004690053744,La molisana maccheroni 500gr
8004690055427,La molisana lumache rigate 500gr
8004690052716,La molisana gnocchetti sardi 500gr
8004690051702,La molisana capellini 500gr
8004690052501,La molisana abissibe rigate 500gr
8000139000102,Garofalo mafalde 500gr
8000139002007,Garofalo schiaffoni 500gr
8000139912078,Garofalo farfalle tricolore 500g
8000139000782,Garofalo farfalle 500gr
8000139004261,Garofalo spagetti 500gr
8000139001291,Garofalo ruote 500 g
8000139004872,Garofalo radiatiori 500g
8000139007071,Garofalo penne rigate 500gr
8000139002106,Garofalo mafalda corta 500g
8000139004636,Garofalo fusilli 500gr
8000139000911,Garofalo casarecce 500gr
8000139007095,Garofalo  mezze maniche rigate
8007290137333,Donna chiara trivella 500gr
8007290137005,Donna chiara spaghetti vermicelli 500gr
8007290137012,Donna chiara spaghetti ristorante 500gr
8007290137074,Donna chiara penne rigate 500gr
8007290137180,Donna chiara mezzi gomiti 500gr
8007290137227,Donna chiara linguine 500gr
8007290137067,Donna chiara fusili nr100 500gr
8007290137104,Donna chiara ditalinirigati 500gr
8007290137098,Donna chiara cocciolette 500gr
8007290137289,Donna chiara chiferini 500gr
8007290137272,Donna chiara capellini nr16 500gr
8005121000429,Divella mezze pene rigate nr42 500gr
8005121000078,Divella vermicelli nr 7 500gr
8005121000290,Divella penoni nr 29 500gr
8005121000276,Divella penne ziti rigatone nr27 500gr
8005121000146,Divella linguine nr14 500gr
8005121000405,Divella fusilli nr40 500gr
8005121000061,Divella bucatini nr6 500gr
5304000222635,Diamond rigatoni pasta nr17 500g
5304000222680,Diamond pasta tofe nr 54
5304000222673,Pasta fusilli nr40
5304000222710,Diamond pasta stelline nr74
5304000222604,Diamond pasta spaghetti nr 8
5304000222697,Pasta pipe rigate nr 56
5304000222727,Pasta pipe lisce diamond nr55
5304000222659,Pasta pene rigate diamond nr27
5304000222703,Diamond pasta risoni nr 26
5304000222628,Diamond pasta linguine nr14
5304000222611,Diamond pasta bucatini nr 6
5304000222642,Diamond mezzi rigationi pasta nr 18 500g
5304000222666,Diamond mezze penne rigate nr 42 500g
8001250120151,De cecco bucatini 500gr
8001250120342,De cecco fusilli nr 34
8001250120939,De cecco farfalle 500grx24 pz
8007290930514,City granoro dedic.gr500 gnocchetti rigati
8076808070882,Canelloni lc 250g
8076809543392,Barilla emiliane fettucine all uovo 250 gr
8076809571951,Barilla spaghetti 400gr
8076809571944,Barilla pennette rigate 400gr
8076809571937,Barilla fusilli cereali 400gr
8076809521581,Barilla mini penne rigate 500gr
8076802085721,Barilla pene rigate nr72 500gr
8076802085899,Barilla rigattoni 500gr
8076802085868,Barilla pipette rigate 500gr
8076802085943,Barilla nr 94 500gr
8076800315240,Barilla midolline 500gr
8076802085851,Barilla gnocchi nr85 500gr
8076800000139,Barilla farfalle makarona 500gr
8076808060654,Barilla farfalle 500gr
8076804765591,Barilla farfaline 500gr
8076800195019,Barilla capellini nr1 500gr
8076800315097,Barilla bucatini nr9 500gr
8076800195118,Barilla bavettine nr11 500gr
8076802085837,Barilla tortiglioni nr83 500gr
8076800315271,Barilla stelline nr27 500gr
8076809504386,Barilla spaghetti tagliati 500gr
8076800195033,Barilla spaghetini nr3 500gr
8076808150072,Barilla vermicellini nr7 500gr
8076800195071,Barilla vermicellini nr7 500gr
8076800195057,Barilla spaghetti nr5 500gr
8076802085738,Barilla penne rigate 500 gr
8076800195132,Barilla bavette nr13 500gr
8076800195088,Barilla  vermicelli nr8 500gr
5301000232251,Baretti pipe makarona 500gr
5301000232268,Baretti makarona tortiglioni 500gr
5301000233784,Baretti makarona stelle 500gr
5301000232152,Baretti makarona spaghetti nr6 500gr
5301000232169,Baretti makarona spagettini nr10 500gr
5301000232183,Baretti makarona risone 500gr
5301000232244,Baretti makarona penne rigate 500gr
5301000232190,Baretti makarona gramigna 500gr
5301000232220,Baretti makarona fusilli 500gr
5301000232213,Baretti makarona filini 500gr
5301000233555,Makar. Gnocchi baretti 500gr *15
5301000232237,Baretti makarona ditali 500gr
5301000232206,Baretti makarona conchigliette 500gr
5301000232176,Baretti makarona bucatini nr5 500gr
5301000233524,Baretti linguini 500gr
5301000411168,Teuta sode buke 20gr
8600101468147,Sodium 20 gr bicarbonate
5301000411106,Teuta niseshte 400gr
5301000411014,Teuta niseshte 250gr
8680202110220,Hasmaya maja buke 450gr
8680202110787,Hasmaya maja buke 125gr
3870081000063,Kolmix maja pluhur 5x13gr
5301000411182,Maja per embelsira 16gr
5301000411175,Maja e thate 6gr
8003000013119,Paneangeli aroma 4 ml
8600101468116,Pudding vanilla 40 gr
8600101468109,Pudding chocolate 45 gr
5301000411540,Buding fruta pylli
5301000411519,Buding cokollate 40gr
5304000052300,Big market sheqer 1kg
5300000100508,Prima miell farina 00
5301000411021,Teuta miell orizi  250gr
5304000033040,Ola miell super 1kg
5304000033071,Ola miell integral 1kg
5304000222208,Miell universal tip 00 1kg
5304000222437,Miell mia 1kg
5304000033057,Miell farina vanilje 500gr
80113577,Lievito pane angieli
094922506450,Farina miell qe fryhet 500gr
8033971741001,Farina miell 1kg
5306000003788,Dieta miell misri i verdhe 500gr
5304000222079,Diamond miell per pica 1kg
5304000222017,Diamond miell per peta 1kg
5304000222055,Diamond miell per gatim 1kg
8076802795019,Barilla farina 1kg
8011401000416,Amoruso farina di grano tenero dolci 1kg
8011401000102,Amoruso farina di grano tenero
5304000096144,Alegria trahana me kuti
5304000096618,Alegria thjerreza te kuqe
8008105200662,Lenticchie ellebi
5301000416200,Teuta thjerreza  medium 500gr
5304000241230,Alegria thjerreza 380gr
5206346000161,La famiglia  thjerrez e vogel  500gr
5304000096854,Alegria miser per kokoshka 500gr
5304000096380,Alegria miser per kokosha 150gr
8606107659442,Microwavepopcorn-salty 100g
8606107659428,Microwave popcorn-cheese
8606107659404,Microwave popcorn-butter
5301000417016,Fara quinoa tre ngjyrshe 250gr
5301000417009,Teuta fara quinoa bardhe 250 gr
5301000417023,Teuta fara chia 250gr
5310004172388,Teuta bullgur kokerr mesem 1kg
5301000417221,Teuta bullgur kokerr madh 1kg
8007100060059,Crastan pure patate 300gr
5301000410024,Teuta oriz gold blu
5301000410031,Teuta oriz gold jeshil 1kg
5301000410048,Teuta oriz gold i kuq 1kg
5301000410147,Teuta gold long grain oriz 1kg
8001860190513,Scotti integral parb 1kg
8001860870040,Scotti risotto 1 kg
8001860920110,Skoti oro classico 1kg
8001860070013,Scotti ribe 1kg
8001860259401,Scotti extra riso 1kg
SCOTTI,Scotti vacum 1kg
8001860870019,Scotti oriz 1kg
5941832000231,Scotti long grain i bardhe 1kg
8008105110039,Riso parboiled oriz 1kg
5304000052126,Oriz king blu 1kg
5304000052522,King oriz 1kg
5304000052256,King oriz long grain 1 kg
8008105310088,Ellebi riso originario 1kg
8008105110091,Ellebi riso parboiled 1kg
80494041,Zaferano buste shapur 32gr
5201024807421,Quaker  375gr
5000108022824,Quaker bag 500gr
5900020022745,Nestle cheerioss fibre honey
7613034608628,Nestle fitness fruit 375gr
5900020013668,Nestle nesquik cereal 375gr
8410100084954,Nestle cereali nesquik 375gr
5900020000941,Nestle nesquik cereal 250gr
8023637200492,Mr kanny choco rise 1kg
8023637200485,Mr kanny corn flex 1kg
8023637000030,Mr kanny choco goal 375gr
8023637000115,Mr kanny corn flakes 500gr
8023637000016,Mr kanny corn flakes 375gr
5053827203845,Kelloggs coco pops barchette 365 gr
5053827184816,Kelloggs coco pops 375g
5900020026866,Corn flakes gtf hn cer bag 12&#215;500 gr
5053827111188,Kgs corn flakes 250g
6923415789305,Panda qumesht 350
8002795001714,Sterilgarda latte scremato 1500ml
8002795001431,Sterilgarda latte 1lt
8002580012505,Parmalat bonta e linea 1lt
5301000260230,Gjirofarma qumesht 3.2 yndyre 1lt
5301000260223,Gjirofarma qumesht 1.5 yndyre 1lt
5304000105624,Ambla qumesht 1.5% yndyre 1lt
5304000105617,Ambla qumesht 0.5% yndyre
5319990569370,Alpi qumesht 1.5% yndyre 1lt
8076809521529,Sugo verdure 400gr
8076809517881,Sugo pesto siciliane
8410300359524,Star la mio pummaro 700g
8076809513678,Salce sugo bolognese
5301000233340,Salce baretti 680gr
8000810101937,S.rosa confettura pesca 350gr
8008105400147,Pomodorini collina 400gr
8008105250506,Pomodori pelati 3 kg
8008105250513,Polpa di pomodoro 3kg
8001310400766,Polli pesto basilico 190gr
8008105250537,Passata di pomodoro 2.5 kg
8005110191015,Mutti passata al basilico 700gr
80042563,Mutti passata di pomodoro 700gr
8005110060007,Mutti pomodori pelati 400gr
80042556,Mutti polpa di pomodoro 400 gr
8001440116261,Jolly polpa pomodoro 690 gr
8056737782018,Gustibus bolognese 400g
8056737782025,Gustibus basilico 400g
8008105400130,Ellebi passata di pomodoro 700 gr
8005121210101,Divella passata di pomodoro 720ml
8017596107145,Delizie salsa al pomodoro con verdure
8076809513692,Barilla salce napoletana 400gr
8076809513654,Barilla salce  bolognese 400gr
8076809513456,Barilla basilico fresco 400gr
8002795000212,Sterilgarda panna cucina 200ml
8004172000365,Sania preparat vegeta cucina 1lt
8004172000358,Sania preparat vegeta cucina 500ml
8004172000341,Sania panna di cucina 200ml
8002580320204,P. Cucina 500 ml
80418900,Pana gran cucina 200ml
8004172000907,Halta cucina 1lt
8004172000495,Halta prep cucina 500ml
8004172000501,Halta prep cucina 200ml
8002580001639,Chef panna lattosio 375ml
80025214,Chef panna cucina e vogel 200ml
8002580028605,Chef beshamel 200ml
8001010079576,Ponti acetto 500gr
8015352319207,Aceto imperiale balsamica
8028696267783,Amato aceto balsamico 50cl
5304000028381,Uthull molle 1lt
8001010000990,Aceto balsamico 500ml
8001010031215,Ponti aceto rosso
5304000270469,Uthull molle 1lt
8001010038801,Ponti uthull molle 500ml
5304000028398,Uthull molle organike 500ml
8003588001393,Acetto di vino rosso 1lt
8028696001820,Migro aceto rosso lt.1
8032754434581,Casaceto aceto di alcol
8016438001016,Succo di limone 250ml
8006040000347,Valsoia olio dietetico ml.1000
8011845610059,Vaj ulliri mister chef 1lt
8011844004538,Olio di semi vaj misri 1 lt
8018440046184,Primo chef vaj sallate 1lt
8018440047778,Primo chef olio di semi 2l
8011845003752,Oliveta olio extra vergine 1lt
5206000022331,Dhermiu vaj ulliri i pa filtruar 1 lit
5206000022348,Dhermiu vaj ulliri ekstra i virgjer shishe 1lt
5206000022300,Dhermiu ekstra i virgjer vaj ulliri 1lt
5206000022324,Dhermiu vaj ulliri i virgjer  1 lit
5306000001852,Dhermiu vaj ulliri shishe 1lt
5306000001807,Dhermiu vaj ulliri bidon 1lt
8011845005114,Big market vaj insalata 1lt
8003408001077,Big market olio di semi 1lt
8028696264836,Amato olio extra vergine di olivia lt.1
5208069000596,Altis vaj ulliri 1lt
8009113031118,Desantis vaj misri 1l
8007150900039,Olitalia vaj misri 1lt
5300000015017,Vaj olim 1l
5997003581122,Floriol vaj luledielli 1lt
5304000052294,Solei vaj luledielli 1lt
